{
  "run_id": "lgbm__pca_1__tune_0",
  "timestamp": "2025-12-19T11:19:02.951212",
  "f1": 0.9926547743966422,
  "confusion_matrix": [
    [
      3040,
      4
    ],
    [
      10,
      946
    ]
  ],
  "report": {
    "0": {
      "precision": 0.9967213114754099,
      "recall": 0.9986859395532195,
      "f1-score": 0.997702658352478,
      "support": 3044.0
    },
    "1": {
      "precision": 0.9957894736842106,
      "recall": 0.9895397489539749,
      "f1-score": 0.9926547743966422,
      "support": 956.0
    },
    "accuracy": 0.9965,
    "macro avg": {
      "precision": 0.9962553925798102,
      "recall": 0.9941128442535971,
      "f1-score": 0.99517871637456,
      "support": 4000.0
    },
    "weighted avg": {
      "precision": 0.9964986022433132,
      "recall": 0.9965,
      "f1-score": 0.9964962140870331,
      "support": 4000.0
    }
  },
  "meta": {
    "model_name": "lgbm",
    "use_pca": true,
    "use_tuning": false,
    "best_params": null
  },
  "model_path": "C:\\Users\\saira\\OneDrive\\Desktop\\RAG\\MASTER'S JOURNEY\\TARGET\\BUFFALO\\CLASSES\\503-PROGRAMMING\\END_SEMESTER_PROJECT\\housing_app_fall25\\models\\lgbm__pca_1__tune_0.pkl"
}