{
  "run_id": "xgb__pca_0__tune_0",
  "timestamp": "2025-12-19T11:17:06.328022",
  "f1": 0.9963331587218438,
  "confusion_matrix": [
    [
      3042,
      2
    ],
    [
      5,
      951
    ]
  ],
  "report": {
    "0": {
      "precision": 0.9983590416803413,
      "recall": 0.9993429697766097,
      "f1-score": 0.9988507634214415,
      "support": 3044.0
    },
    "1": {
      "precision": 0.9979013641133263,
      "recall": 0.9947698744769874,
      "f1-score": 0.9963331587218438,
      "support": 956.0
    },
    "accuracy": 0.99825,
    "macro avg": {
      "precision": 0.9981302028968337,
      "recall": 0.9970564221267986,
      "f1-score": 0.9975919610716426,
      "support": 4000.0
    },
    "weighted avg": {
      "precision": 0.9982496567418248,
      "recall": 0.99825,
      "f1-score": 0.9982490558982376,
      "support": 4000.0
    }
  },
  "meta": {
    "model_name": "xgb",
    "use_pca": false,
    "use_tuning": false,
    "best_params": null
  },
  "model_path": "C:\\Users\\saira\\OneDrive\\Desktop\\RAG\\MASTER'S JOURNEY\\TARGET\\BUFFALO\\CLASSES\\503-PROGRAMMING\\END_SEMESTER_PROJECT\\housing_app_fall25\\models\\xgb__pca_0__tune_0.pkl"
}