{
  "run_id": "xgb__pca_1__tune_0",
  "timestamp": "2025-12-19T11:17:36.786460",
  "f1": 0.9905263157894736,
  "confusion_matrix": [
    [
      3041,
      3
    ],
    [
      15,
      941
    ]
  ],
  "report": {
    "0": {
      "precision": 0.9950916230366492,
      "recall": 0.9990144546649146,
      "f1-score": 0.9970491803278688,
      "support": 3044.0
    },
    "1": {
      "precision": 0.996822033898305,
      "recall": 0.9843096234309623,
      "f1-score": 0.9905263157894736,
      "support": 956.0
    },
    "accuracy": 0.9955,
    "macro avg": {
      "precision": 0.9959568284674771,
      "recall": 0.9916620390479385,
      "f1-score": 0.9937877480586712,
      "support": 4000.0
    },
    "weighted avg": {
      "precision": 0.995505191232585,
      "recall": 0.9955,
      "f1-score": 0.9954902157031925,
      "support": 4000.0
    }
  },
  "meta": {
    "model_name": "xgb",
    "use_pca": true,
    "use_tuning": false,
    "best_params": null
  },
  "model_path": "C:\\Users\\saira\\OneDrive\\Desktop\\RAG\\MASTER'S JOURNEY\\TARGET\\BUFFALO\\CLASSES\\503-PROGRAMMING\\END_SEMESTER_PROJECT\\housing_app_fall25\\models\\xgb__pca_1__tune_0.pkl"
}